theta0,theta1
8499.599649806703,-0.02144896359049913
